﻿country or territory;who_region;count;sagree;sdisagree;question;time
Algeria;AFR;397;363;2;important;2015,833333
Algeria;AFR;397;302;13;safe;2015,833333
Algeria;AFR;397;295;19;effective;2015,833333
Algeria;AFR;928;603;17;important;2018,766667
Algeria;AFR;928;397;33;safe;2018,766667
Algeria;AFR;928;418;26;effective;2018,766667
Benin;AFR;786;619;6;important;2018,566667
Benin;AFR;786;500;54;safe;2018,566667
Benin;AFR;786;552;21;effective;2018,566667
Botswana;AFR;403;367;6;important;2018,802778
Botswana;AFR;403;302;17;safe;2018,802778
Botswana;AFR;403;308;4;effective;2018,802778
Burkina Faso;AFR;1953;1577;6;important;2016,33
Burkina Faso;AFR;1953;1122;50;safe;2016,33
Burkina Faso;AFR;1953;1242;21;effective;2016,33
Burkina Faso;AFR;788;652;13;important;2018,497222
Burkina Faso;AFR;788;438;73;safe;2018,497222
Burkina Faso;AFR;788;521;23;effective;2018,497222
Burundi;AFR;923;874;2;important;2018,713889
Burundi;AFR;923;752;27;safe;2018,713889
Burundi;AFR;923;782;7;effective;2018,713889
Cameroon;AFR;937;792;10;important;2018,341667
Cameroon;AFR;937;543;53;safe;2018,341667
Cameroon;AFR;937;593;35;effective;2018,341667
Chad;AFR;696;473;9;important;2018,780556
Chad;AFR;696;399;33;safe;2018,780556
Chad;AFR;696;407;14;effective;2018,780556
Comoros;AFR;899;801;5;important;2018,777778
Comoros;AFR;899;710;28;safe;2018,777778
Comoros;AFR;899;724;5;effective;2018,777778
Democratic Republic of the Congo;AFR;1000;817;30;important;2015,833333
Democratic Republic of the Congo;AFR;1000;663;78;safe;2015,833333
Democratic Republic of the Congo;AFR;1000;703;50;effective;2015,833333
Ethiopia;AFR;1003;967;2;important;2015,833333
Ethiopia;AFR;1003;788;10;safe;2015,833333
Ethiopia;AFR;1003;870;4;effective;2015,833333
Ethiopia;AFR;969;929;1;important;2018,477778
Ethiopia;AFR;969;833;7;safe;2018,477778
Ethiopia;AFR;969;852;3;effective;2018,477778
Gabon;AFR;955;693;13;important;2018,611111
Gabon;AFR;955;399;76;safe;2018,611111
Gabon;AFR;955;499;28;effective;2018,611111
Gambia;AFR;789;699;9;important;2018,502778
Gambia;AFR;789;650;18;safe;2018,502778
Gambia;AFR;789;656;16;effective;2018,502778
Ghana;AFR;995;862;8;important;2015,833333
Ghana;AFR;995;737;28;safe;2015,833333
Ghana;AFR;995;708;44;effective;2015,833333
Ghana;AFR;697;609;10;important;2018,9
Ghana;AFR;697;541;14;safe;2018,9
Ghana;AFR;697;542;21;effective;2018,9
Guinea;AFR;833;672;9;important;2018,669444
Guinea;AFR;833;538;48;safe;2018,669444
Guinea;AFR;833;607;15;effective;2018,669444
Ivory Coast;AFR;901;688;5;important;2018,755556
Ivory Coast;AFR;901;515;50;safe;2018,755556
Ivory Coast;AFR;901;565;30;effective;2018,755556
Kenya;AFR;908;810;8;important;2018,416667
Kenya;AFR;908;690;25;safe;2018,416667
Kenya;AFR;908;650;30;effective;2018,416667
Liberia;AFR;937;864;15;important;2018,416667
Liberia;AFR;937;816;15;safe;2018,416667
Liberia;AFR;937;554;131;effective;2018,416667
Madagascar;AFR;828;690;6;important;2018,405556
Madagascar;AFR;828;608;40;safe;2018,405556
Madagascar;AFR;828;636;15;effective;2018,405556
Malawi;AFR;882;837;1;important;2018,619444
Malawi;AFR;882;783;17;safe;2018,619444
Malawi;AFR;882;788;3;effective;2018,619444
Mali;AFR;1848;1623;19;important;2016,33
Mali;AFR;1848;1411;65;safe;2016,33
Mali;AFR;1848;1517;28;effective;2016,33
Mali;AFR;786;646;10;important;2018,366667
Mali;AFR;786;462;46;safe;2018,366667
Mali;AFR;786;594;12;effective;2018,366667
Mauritania;AFR;1022;917;5;important;2016,33
Mauritania;AFR;1022;855;28;safe;2016,33
Mauritania;AFR;1022;872;11;effective;2016,33
Mauritania;AFR;809;656;11;important;2018,730556
Mauritania;AFR;809;513;26;safe;2018,730556
Mauritania;AFR;809;569;22;effective;2018,730556
Mauritius;AFR;966;813;9;important;2018,322222
Mauritius;AFR;966;434;30;safe;2018,322222
Mauritius;AFR;966;525;23;effective;2018,322222
Mozambique;AFR;908;773;3;important;2018,688889
Mozambique;AFR;908;695;11;safe;2018,688889
Mozambique;AFR;908;557;32;effective;2018,688889
Namibia;AFR;636;537;18;important;2018,655556
Namibia;AFR;636;453;25;safe;2018,655556
Namibia;AFR;636;394;34;effective;2018,655556
Niger;AFR;1969;1771;30;important;2016,33
Niger;AFR;1969;1682;33;safe;2016,33
Niger;AFR;1969;1724;26;effective;2016,33
Niger;AFR;732;581;15;important;2018,527778
Niger;AFR;732;543;25;safe;2018,527778
Niger;AFR;732;578;14;effective;2018,527778
Nigeria;AFR;805;673;1;important;2015,833333
Nigeria;AFR;805;639;6;safe;2015,833333
Nigeria;AFR;805;543;36;effective;2015,833333
Nigeria;AFR;3624;2914;39;important;2016,33
Nigeria;AFR;3624;2697;42;safe;2016,33
Nigeria;AFR;3624;2701;55;effective;2016,33
Nigeria;AFR;845;773;7;important;2018,394444
Nigeria;AFR;845;704;14;safe;2018,394444
Nigeria;AFR;845;633;66;effective;2018,394444
Nigeria;AFR;1000;806;18;important;2019,846575
Nigeria;AFR;1000;760;28;safe;2019,846575
Nigeria;AFR;1000;717;45;effective;2019,846575
Republic of Congo;AFR;743;625;7;important;2018,416667
Republic of Congo;AFR;743;466;61;safe;2018,416667
Republic of Congo;AFR;743;581;13;effective;2018,416667
Rwanda;AFR;828;775;1;important;2018,538889
Rwanda;AFR;828;678;5;safe;2018,538889
Rwanda;AFR;828;735;2;effective;2018,538889
Senegal;AFR;2345;2011;36;important;2016,33
Senegal;AFR;2345;1582;151;safe;2016,33
Senegal;AFR;2345;1785;67;effective;2016,33
Senegal;AFR;848;737;10;important;2018,5
Senegal;AFR;848;518;40;safe;2018,5
Senegal;AFR;848;575;26;effective;2018,5
Sierra Leone;AFR;889;798;3;important;2018,547222
Sierra Leone;AFR;889;744;20;safe;2018,547222
Sierra Leone;AFR;889;737;15;effective;2018,547222
South Africa;AFR;1157;806;30;important;2015,833333
South Africa;AFR;1157;562;48;safe;2015,833333
South Africa;AFR;1157;588;49;effective;2015,833333
South Africa;AFR;421;346;14;important;2018,513889
South Africa;AFR;421;287;16;safe;2018,513889
South Africa;AFR;421;279;24;effective;2018,513889
Swaziland;AFR;917;783;6;important;2018,658333
Swaziland;AFR;917;531;35;safe;2018,658333
Swaziland;AFR;917;572;31;effective;2018,658333
Tanzania;AFR;933;873;5;important;2018,508333
Tanzania;AFR;933;793;6;safe;2018,508333
Tanzania;AFR;933;739;18;effective;2018,508333
Togo;AFR;827;594;7;important;2018,552778
Togo;AFR;827;276;85;safe;2018,552778
Togo;AFR;827;390;28;effective;2018,552778
Uganda;AFR;806;719;6;important;2018,711111
Uganda;AFR;806;602;25;safe;2018,711111
Uganda;AFR;806;554;69;effective;2018,711111
Zambia;AFR;768;648;13;important;2018,669444
Zambia;AFR;768;533;45;safe;2018,669444
Zambia;AFR;768;517;29;effective;2018,669444
Zimbabwe;AFR;876;793;4;important;2018,555556
Zimbabwe;AFR;876;649;17;safe;2018,555556
Zimbabwe;AFR;876;722;8;effective;2018,555556
Argentina;AMR;973;933;5;important;2015,833333
Argentina;AMR;973;872;4;safe;2015,833333
Argentina;AMR;973;841;3;effective;2015,833333
Argentina;AMR;962;902;6;important;2018,516667
Argentina;AMR;962;737;13;safe;2018,516667
Argentina;AMR;962;702;8;effective;2018,516667
Argentina;AMR;547;497;3;important;2019,849315
Argentina;AMR;547;411;3;safe;2019,849315
Argentina;AMR;547;429;5;effective;2019,849315
Bolivia;AMR;921;718;5;important;2018,7
Bolivia;AMR;921;457;32;safe;2018,7
Bolivia;AMR;921;457;15;effective;2018,7
Brazil;AMR;1985;1845;5;important;2015,833333
Brazil;AMR;1985;1451;45;safe;2015,833333
Brazil;AMR;1985;1504;36;effective;2015,833333
Brazil;AMR;950;798;2;important;2018,6
Brazil;AMR;950;584;14;safe;2018,6
Brazil;AMR;950;546;12;effective;2018,6
Canada;AMR;1010;650;22;important;2015,833333
Canada;AMR;1010;518;40;safe;2015,833333
Canada;AMR;1010;516;34;effective;2015,833333
Canada;AMR;985;745;20;important;2018,563889
Canada;AMR;985;523;28;safe;2018,563889
Canada;AMR;985;569;15;effective;2018,563889
Chile;AMR;914;723;16;important;2018,622222
Chile;AMR;914;555;37;safe;2018,622222
Chile;AMR;914;577;18;effective;2018,622222
Colombia;AMR;998;882;15;important;2015,833333
Colombia;AMR;998;605;37;safe;2015,833333
Colombia;AMR;998;632;27;effective;2015,833333
Colombia;AMR;920;810;2;important;2018,527778
Colombia;AMR;920;598;28;safe;2018,527778
Colombia;AMR;920;575;17;effective;2018,527778
Colombia;AMR;1149;1001;13;important;2019,879452
Colombia;AMR;1149;764;29;safe;2019,879452
Colombia;AMR;1149;732;33;effective;2019,879452
Costa Rica;AMR;949;893;5;important;2018,519444
Costa Rica;AMR;949;696;18;safe;2018,519444
Costa Rica;AMR;949;688;22;effective;2018,519444
Dominican Republic;AMR;749;654;0;important;2018,752778
Dominican Republic;AMR;749;509;5;safe;2018,752778
Dominican Republic;AMR;749;521;5;effective;2018,752778
Ecuador;AMR;947;797;2;important;2015,833333
Ecuador;AMR;947;687;3;safe;2015,833333
Ecuador;AMR;947;660;3;effective;2015,833333
Ecuador;AMR;920;815;3;important;2018,619444
Ecuador;AMR;920;637;17;safe;2018,619444
Ecuador;AMR;920;645;18;effective;2018,619444
Ecuador;AMR;586;463;3;important;2019,843836
Ecuador;AMR;586;406;3;safe;2019,843836
Ecuador;AMR;586;404;3;effective;2019,843836
El Salvador;AMR;927;796;5;important;2018,536111
El Salvador;AMR;927;566;18;safe;2018,536111
El Salvador;AMR;927;570;20;effective;2018,536111
Guatemala;AMR;849;730;2;important;2018,544444
Guatemala;AMR;849;546;12;safe;2018,544444
Guatemala;AMR;849;552;14;effective;2018,544444
Haiti;AMR;393;366;3;important;2018,741667
Haiti;AMR;393;253;25;safe;2018,741667
Haiti;AMR;393;289;12;effective;2018,741667
Honduras;AMR;899;830;2;important;2018,683333
Honduras;AMR;899;686;9;safe;2018,683333
Honduras;AMR;899;677;7;effective;2018,683333
Mexico;AMR;1002;567;19;important;2015,833333
Mexico;AMR;1002;423;24;safe;2015,833333
Mexico;AMR;1002;492;23;effective;2015,833333
Mexico;AMR;949;844;4;important;2018,836111
Mexico;AMR;949;715;35;safe;2018,836111
Mexico;AMR;949;721;29;effective;2018,836111
Mexico;AMR;500;390;6;important;2019,915068
Mexico;AMR;500;308;14;safe;2019,915068
Mexico;AMR;500;306;14;effective;2019,915068
Nicaragua;AMR;932;853;4;important;2018,430556
Nicaragua;AMR;932;731;4;safe;2018,430556
Nicaragua;AMR;932;699;7;effective;2018,430556
Panama;AMR;1200;904;11;important;2015,833333
Panama;AMR;1200;677;23;safe;2015,833333
Panama;AMR;1200;708;20;effective;2015,833333
Panama;AMR;860;691;5;important;2018,652778
Panama;AMR;860;569;11;safe;2018,652778
Panama;AMR;860;567;10;effective;2018,652778
Paraguay;AMR;883;772;6;important;2018,836111
Paraguay;AMR;883;529;15;safe;2018,836111
Paraguay;AMR;883;496;21;effective;2018,836111
Peru;AMR;1000;811;10;important;2015,833333
Peru;AMR;1000;590;12;safe;2015,833333
Peru;AMR;1000;592;18;effective;2015,833333
Peru;AMR;914;659;13;important;2018,416667
Peru;AMR;914;394;22;safe;2018,416667
Peru;AMR;914;382;20;effective;2018,416667
Peru;AMR;1000;703;8;important;2019,865753
Peru;AMR;1000;463;15;safe;2019,865753
Peru;AMR;1000;490;12;effective;2019,865753
Uruguay;AMR;963;801;11;important;2018,85
Uruguay;AMR;963;531;23;safe;2018,85
Uruguay;AMR;963;510;22;effective;2018,85
USA;AMR;1000;628;45;important;2015,833333
USA;AMR;1000;509;56;safe;2015,833333
USA;AMR;1000;559;45;effective;2015,833333
USA;AMR;982;726;22;important;2018,586111
USA;AMR;982;468;48;safe;2018,586111
USA;AMR;982;586;20;effective;2018,586111
USA;AMR;1006;753;16;important;2019,835616
USA;AMR;1006;615;30;safe;2019,835616
USA;AMR;1006;667;22;effective;2019,835616
Venezuela;AMR;884;815;0;important;2018,825
Venezuela;AMR;884;695;18;safe;2018,825
Venezuela;AMR;884;712;7;effective;2018,825
Afghanistan;EMR;2080;1585;7;important;2015,833333
Afghanistan;EMR;2080;1319;33;safe;2015,833333
Afghanistan;EMR;2080;1403;16;effective;2015,833333
Afghanistan;EMR;990;838;5;important;2018,538889
Afghanistan;EMR;990;717;9;safe;2018,538889
Afghanistan;EMR;990;775;8;effective;2018,538889
Afghanistan;EMR;1724;1267;25;important;2019,915068
Afghanistan;EMR;1724;1003;58;safe;2019,915068
Afghanistan;EMR;1724;1038;34;effective;2019,915068
Egypt;EMR;991;929;0;important;2018,608333
Egypt;EMR;991;861;0;safe;2018,608333
Egypt;EMR;991;855;0;effective;2018,608333
Iran;EMR;667;601;0;important;2015,833333
Iran;EMR;667;211;18;safe;2015,833333
Iran;EMR;667;351;9;effective;2015,833333
Iran;EMR;920;767;4;important;2018,372222
Iran;EMR;920;478;17;safe;2018,372222
Iran;EMR;920;582;4;effective;2018,372222
Iraq;EMR;846;724;6;important;2018,927778
Iraq;EMR;846;628;6;safe;2018,927778
Iraq;EMR;846;617;1;effective;2018,927778
Iraq;EMR;1000;959;5;important;2019,832877
Iraq;EMR;1000;709;39;safe;2019,832877
Iraq;EMR;1000;778;24;effective;2019,832877
Jordan;EMR;980;860;8;important;2018,655556
Jordan;EMR;980;706;6;safe;2018,655556
Jordan;EMR;980;724;5;effective;2018,655556
Kuwait;EMR;875;705;13;important;2018,916667
Kuwait;EMR;875;616;10;safe;2018,916667
Kuwait;EMR;875;605;7;effective;2018,916667
Lebanon;EMR;1000;920;8;important;2015,833333
Lebanon;EMR;1000;641;35;safe;2015,833333
Lebanon;EMR;1000;728;35;effective;2015,833333
Lebanon;EMR;993;902;0;important;2018,530556
Lebanon;EMR;993;674;2;safe;2018,530556
Lebanon;EMR;993;679;1;effective;2018,530556
Libya;EMR;874;625;22;important;2018,336111
Libya;EMR;874;510;29;safe;2018,336111
Libya;EMR;874;477;11;effective;2018,336111
Morocco;EMR;1000;156;3;important;2015,833333
Morocco;EMR;1000;103;3;safe;2015,833333
Morocco;EMR;1000;101;2;effective;2015,833333
Morocco;EMR;977;883;13;important;2018,563889
Morocco;EMR;977;682;13;safe;2018,563889
Morocco;EMR;977;645;23;effective;2018,563889
Pakistan;EMR;1000;776;7;important;2015,833333
Pakistan;EMR;1000;668;16;safe;2015,833333
Pakistan;EMR;1000;636;21;effective;2015,833333
Pakistan;EMR;727;600;7;important;2018,583333
Pakistan;EMR;727;524;8;safe;2018,583333
Pakistan;EMR;727;513;5;effective;2018,583333
Pakistan;EMR;1000;669;36;important;2019,936986
Pakistan;EMR;1000;577;49;safe;2019,936986
Pakistan;EMR;1000;537;63;effective;2019,936986
Palestine;EMR;1014;700;18;important;2015,833333
Palestine;EMR;1014;644;13;safe;2015,833333
Palestine;EMR;1014;641;39;effective;2015,833333
Palestine;EMR;978;933;0;important;2018,594444
Palestine;EMR;978;780;2;safe;2018,594444
Palestine;EMR;978;795;10;effective;2018,594444
Saudi Arabia;EMR;591;475;2;important;2015,833333
Saudi Arabia;EMR;591;429;0;safe;2015,833333
Saudi Arabia;EMR;591;413;0;effective;2015,833333
Saudi Arabia;EMR;963;813;2;important;2018,352778
Saudi Arabia;EMR;963;674;5;safe;2018,352778
Saudi Arabia;EMR;963;655;6;effective;2018,352778
Syria;EMR;686;625;14;important;2019,947945
Syria;EMR;686;556;12;safe;2019,947945
Syria;EMR;686;556;10;effective;2019,947945
Tunisia;EMR;1006;907;4;important;2015,833333
Tunisia;EMR;1006;770;24;safe;2015,833333
Tunisia;EMR;1006;817;17;effective;2015,833333
Tunisia;EMR;893;671;8;important;2018,347222
Tunisia;EMR;893;522;14;safe;2018,347222
Tunisia;EMR;893;513;4;effective;2018,347222
United Arab Emirates;EMR;775;631;10;important;2018,355556
United Arab Emirates;EMR;775;504;12;safe;2018,355556
United Arab Emirates;EMR;775;504;12;effective;2018,355556
Yemen;EMR;982;790;7;important;2018,733333
Yemen;EMR;982;676;13;safe;2018,733333
Yemen;EMR;982;648;15;effective;2018,733333
Albania;EUR;847;756;4;important;2018,516667
Albania;EUR;847;419;41;safe;2018,516667
Albania;EUR;847;440;19;effective;2018,516667
Albania;EUR;993;255;23;important;2019,917808
Albania;EUR;993;191;39;safe;2019,917808
Albania;EUR;993;138;68;effective;2019,917808
Armenia;EUR;1104;756;52;important;2015,833333
Armenia;EUR;1104;471;90;safe;2015,833333
Armenia;EUR;1104;555;63;effective;2015,833333
Armenia;EUR;859;354;51;important;2018,666667
Armenia;EUR;859;184;69;safe;2018,666667
Armenia;EUR;859;238;43;effective;2018,666667
Armenia;EUR;1516;901;91;important;2019,873973
Armenia;EUR;1516;615;129;safe;2019,873973
Armenia;EUR;1516;705;102;effective;2019,873973
Austria;EUR;947;516;29;important;2015,833333
Austria;EUR;947;350;40;safe;2015,833333
Austria;EUR;947;436;35;effective;2015,833333
Austria;EUR;1000;604;30;important;2018,397222
Austria;EUR;1000;386;39;safe;2018,397222
Austria;EUR;1000;465;23;effective;2018,397222
Austria;EUR;884;500;72;important;2018,761111
Austria;EUR;884;298;72;safe;2018,761111
Austria;EUR;884;381;37;effective;2018,761111
Austria;EUR;982;560;40;important;2019,947945
Austria;EUR;982;382;64;safe;2019,947945
Austria;EUR;982;487;52;effective;2019,947945
Azerbaijan;EUR;502;232;3;important;2015,833333
Azerbaijan;EUR;502;167;2;safe;2015,833333
Azerbaijan;EUR;502;169;3;effective;2015,833333
Azerbaijan;EUR;898;525;37;important;2018,672222
Azerbaijan;EUR;898;416;40;safe;2018,672222
Azerbaijan;EUR;898;447;37;effective;2018,672222
Azerbaijan;EUR;500;255;105;important;2019,868493
Azerbaijan;EUR;500;227;103;safe;2019,868493
Azerbaijan;EUR;500;236;124;effective;2019,868493
Belarus;EUR;998;406;30;important;2018,516667
Belarus;EUR;998;241;41;safe;2018,516667
Belarus;EUR;998;292;32;effective;2018,516667
Belgium;EUR;1000;625;8;important;2015,833333
Belgium;EUR;1000;313;37;safe;2015,833333
Belgium;EUR;1000;457;8;effective;2015,833333
Belgium;EUR;1000;544;25;important;2018,405556
Belgium;EUR;1000;328;53;safe;2018,405556
Belgium;EUR;1000;383;38;effective;2018,405556
Belgium;EUR;940;753;19;important;2018,438889
Belgium;EUR;940;436;75;safe;2018,438889
Belgium;EUR;940;590;22;effective;2018,438889
Bosnia and Herzegovina;EUR;1000;603;53;important;2015,833333
Bosnia and Herzegovina;EUR;1000;234;168;safe;2015,833333
Bosnia and Herzegovina;EUR;1000;315;111;effective;2015,833333
Bosnia and Herzegovina;EUR;916;670;33;important;2018,608333
Bosnia and Herzegovina;EUR;916;515;38;safe;2018,608333
Bosnia and Herzegovina;EUR;916;568;29;effective;2018,608333
Bosnia and Herzegovina;EUR;1000;668;124;important;2019,873973
Bosnia and Herzegovina;EUR;1000;504;172;safe;2019,873973
Bosnia and Herzegovina;EUR;1000;610;124;effective;2019,873973
Bulgaria;EUR;1007;511;15;important;2015,833333
Bulgaria;EUR;1007;357;32;safe;2015,833333
Bulgaria;EUR;1007;423;14;effective;2015,833333
Bulgaria;EUR;1198;527;55;important;2018,4
Bulgaria;EUR;1198;331;78;safe;2018,4
Bulgaria;EUR;1198;407;72;effective;2018,4
Bulgaria;EUR;934;515;27;important;2018,858333
Bulgaria;EUR;934;261;49;safe;2018,858333
Bulgaria;EUR;934;327;26;effective;2018,858333
Bulgaria;EUR;829;383;16;important;2019,926027
Bulgaria;EUR;829;248;31;safe;2019,926027
Bulgaria;EUR;829;320;21;effective;2019,926027
Croatia;EUR;1000;690;46;important;2018,383333
Croatia;EUR;1000;392;84;safe;2018,383333
Croatia;EUR;1000;538;56;effective;2018,383333
Croatia;EUR;946;581;25;important;2018,536111
Croatia;EUR;946;368;36;safe;2018,536111
Croatia;EUR;946;417;20;effective;2018,536111
Cyprus;EUR;1010;776;36;important;2018,377778
Cyprus;EUR;1010;489;103;safe;2018,377778
Cyprus;EUR;1010;584;63;effective;2018,377778
Cyprus;EUR;680;466;26;important;2018,386111
Cyprus;EUR;680;257;27;safe;2018,386111
Cyprus;EUR;680;300;17;effective;2018,386111
Czech Republic;EUR;1000;553;8;important;2015,833333
Czech Republic;EUR;1000;420;18;safe;2015,833333
Czech Republic;EUR;1000;445;2;effective;2015,833333
Czech Republic;EUR;1048;642;14;important;2018,386111
Czech Republic;EUR;1048;289;32;safe;2018,386111
Czech Republic;EUR;1048;384;14;effective;2018,386111
Czech Republic;EUR;976;621;5;important;2018,686111
Czech Republic;EUR;976;428;23;safe;2018,686111
Czech Republic;EUR;976;540;5;effective;2018,686111
Czech Republic;EUR;999;505;10;important;2019,860274
Czech Republic;EUR;999;429;19;safe;2019,860274
Czech Republic;EUR;999;440;11;effective;2019,860274
Denmark;EUR;506;292;2;important;2015,833333
Denmark;EUR;506;195;4;safe;2015,833333
Denmark;EUR;506;230;2;effective;2015,833333
Denmark;EUR;958;792;8;important;2018,377778
Denmark;EUR;958;434;17;safe;2018,377778
Denmark;EUR;958;573;13;effective;2018,377778
Denmark;EUR;1020;810;9;important;2018,383333
Denmark;EUR;1020;672;13;safe;2018,383333
Denmark;EUR;1020;647;8;effective;2018,383333
Estonia;EUR;1017;589;21;important;2018,380556
Estonia;EUR;1017;277;38;safe;2018,380556
Estonia;EUR;1017;324;23;effective;2018,380556
Estonia;EUR;928;608;29;important;2018,530556
Estonia;EUR;928;321;55;safe;2018,530556
Estonia;EUR;928;419;20;effective;2018,530556
Finland;EUR;1101;837;6;important;2015,833333
Finland;EUR;1101;678;5;safe;2015,833333
Finland;EUR;1101;676;8;effective;2015,833333
Finland;EUR;993;801;4;important;2018,377778
Finland;EUR;993;356;10;safe;2018,377778
Finland;EUR;993;459;12;effective;2018,377778
Finland;EUR;970;824;5;important;2018,405556
Finland;EUR;970;574;13;safe;2018,405556
Finland;EUR;970;597;7;effective;2018,405556
Finland;EUR;1276;1093;7;important;2019,863014
Finland;EUR;1276;895;15;safe;2019,863014
Finland;EUR;1276;1022;6;effective;2019,863014
France;EUR;964;341;40;important;2015,833333
France;EUR;964;82;132;safe;2015,833333
France;EUR;964;210;52;effective;2015,833333
France;EUR;1000;414;31;important;2018,391667
France;EUR;1000;213;64;safe;2018,391667
France;EUR;1000;299;40;effective;2018,391667
France;EUR;972;475;38;important;2018,794444
France;EUR;972;210;129;safe;2018,794444
France;EUR;972;265;64;effective;2018,794444
France;EUR;960;495;29;important;2019,931507
France;EUR;960;287;75;safe;2019,931507
France;EUR;960;360;39;effective;2019,931507
Georgia;EUR;808;19;0;important;2015,833333
Georgia;EUR;808;250;0;safe;2015,833333
Georgia;EUR;808;292;0;effective;2015,833333
Georgia;EUR;865;673;18;important;2018,630556
Georgia;EUR;865;448;27;safe;2018,630556
Georgia;EUR;865;522;23;effective;2018,630556
Germany;EUR;984;651;18;important;2015,833333
Germany;EUR;984;421;33;safe;2015,833333
Germany;EUR;984;516;25;effective;2015,833333
Germany;EUR;950;663;19;important;2018,408333
Germany;EUR;950;389;34;safe;2018,408333
Germany;EUR;950;463;17;effective;2018,408333
Germany;EUR;950;620;17;important;2018,761111
Germany;EUR;950;448;40;safe;2018,761111
Germany;EUR;950;529;7;effective;2018,761111
Germany;EUR;974;673;31;important;2019,936986
Germany;EUR;974;495;39;safe;2019,936986
Germany;EUR;974;575;31;effective;2019,936986
Greece;EUR;1009;580;43;important;2015,833333
Greece;EUR;1009;260;70;safe;2015,833333
Greece;EUR;1009;359;51;effective;2015,833333
Greece;EUR;1000;664;11;important;2018,408333
Greece;EUR;1000;424;42;safe;2018,408333
Greece;EUR;1000;506;14;effective;2018,408333
Greece;EUR;959;749;6;important;2018,425
Greece;EUR;959;478;11;safe;2018,425
Greece;EUR;959;529;9;effective;2018,425
Hungary;EUR;1003;747;9;important;2018,394444
Hungary;EUR;1003;574;16;safe;2018,394444
Hungary;EUR;1003;556;12;effective;2018,394444
Hungary;EUR;958;826;5;important;2018,830556
Hungary;EUR;958;640;20;safe;2018,830556
Hungary;EUR;958;675;9;effective;2018,830556
Iceland;EUR;1037;858;4;important;2015,833333
Iceland;EUR;1037;559;25;safe;2015,833333
Iceland;EUR;1037;763;5;effective;2015,833333
Iceland;EUR;485;440;2;important;2018,311111
Iceland;EUR;485;131;16;safe;2018,311111
Iceland;EUR;485;358;2;effective;2018,311111
Ireland;EUR;1010;621;23;important;2015,833333
Ireland;EUR;1010;448;33;safe;2015,833333
Ireland;EUR;1010;519;22;effective;2015,833333
Ireland;EUR;1014;592;24;important;2018,347222
Ireland;EUR;1014;438;32;safe;2018,347222
Ireland;EUR;1014;447;16;effective;2018,347222
Ireland;EUR;943;732;17;important;2018,35
Ireland;EUR;943;479;23;safe;2018,35
Ireland;EUR;943;610;10;effective;2018,35
Ireland;EUR;1011;689;21;important;2019,863014
Ireland;EUR;1011;541;37;safe;2019,863014
Ireland;EUR;1011;577;28;effective;2019,863014
Israel;EUR;998;659;0;important;2018,569444
Israel;EUR;998;402;6;safe;2018,569444
Israel;EUR;998;487;4;effective;2018,569444
Italy;EUR;993;405;35;important;2015,833333
Italy;EUR;993;244;57;safe;2015,833333
Italy;EUR;993;322;50;effective;2015,833333
Italy;EUR;1000;663;15;important;2018,397222
Italy;EUR;1000;438;30;safe;2018,397222
Italy;EUR;1000;521;19;effective;2018,397222
Italy;EUR;984;616;20;important;2018,733333
Italy;EUR;984;415;25;safe;2018,733333
Italy;EUR;984;496;6;effective;2018,733333
Italy;EUR;1158;677;18;important;2019,841096
Italy;EUR;1158;577;28;safe;2019,841096
Italy;EUR;1158;617;23;effective;2019,841096
Kazakhstan;EUR;929;614;19;important;2018,561111
Kazakhstan;EUR;929;376;38;safe;2018,561111
Kazakhstan;EUR;929;438;23;effective;2018,561111
Kazakhstan;EUR;800;453;37;important;2019,920548
Kazakhstan;EUR;800;280;75;safe;2019,920548
Kazakhstan;EUR;800;289;63;effective;2019,920548
Kosovo;EUR;1024;846;2;important;2015,833333
Kosovo;EUR;1024;563;25;safe;2015,833333
Kosovo;EUR;1024;640;12;effective;2015,833333
Kosovo;EUR;906;809;3;important;2018,472222
Kosovo;EUR;906;506;17;safe;2018,472222
Kosovo;EUR;906;556;18;effective;2018,472222
Kosovo;EUR;1013;811;6;important;2019,873973
Kosovo;EUR;1013;632;23;safe;2019,873973
Kosovo;EUR;1013;671;22;effective;2019,873973
Kyrgyzstan;EUR;776;636;19;important;2018,5
Kyrgyzstan;EUR;776;491;31;safe;2018,5
Kyrgyzstan;EUR;776;493;23;effective;2018,5
Latvia;EUR;1005;443;28;important;2015,833333
Latvia;EUR;1005;187;50;safe;2015,833333
Latvia;EUR;1005;257;34;effective;2015,833333
Latvia;EUR;1015;428;18;important;2018,383333
Latvia;EUR;1015;235;35;safe;2018,383333
Latvia;EUR;1015;241;27;effective;2018,383333
Latvia;EUR;982;512;19;important;2018,752778
Latvia;EUR;982;255;28;safe;2018,752778
Latvia;EUR;982;256;23;effective;2018,752778
Lithuania;EUR;1016;549;21;important;2018,383333
Lithuania;EUR;1016;354;28;safe;2018,383333
Lithuania;EUR;1016;322;24;effective;2018,383333
Lithuania;EUR;767;374;10;important;2018,766667
Lithuania;EUR;767;247;16;safe;2018,766667
Lithuania;EUR;767;269;10;effective;2018,766667
Luxembourg;EUR;530;322;8;important;2018,419444
Luxembourg;EUR;530;181;20;safe;2018,419444
Luxembourg;EUR;530;229;10;effective;2018,419444
Luxembourg;EUR;930;682;21;important;2018,797222
Luxembourg;EUR;930;321;27;safe;2018,797222
Luxembourg;EUR;930;407;13;effective;2018,797222
Macedonia;EUR;1180;607;42;important;2015,833333
Macedonia;EUR;1180;461;78;safe;2015,833333
Macedonia;EUR;1180;544;49;effective;2015,833333
Macedonia;EUR;937;667;33;important;2018,802778
Macedonia;EUR;937;418;52;safe;2018,802778
Macedonia;EUR;937;465;37;effective;2018,802778
Macedonia;EUR;1199;622;50;important;2019,893151
Macedonia;EUR;1199;406;127;safe;2019,893151
Macedonia;EUR;1199;457;79;effective;2019,893151
Malta;EUR;933;729;3;important;2018,333333
Malta;EUR;933;534;15;safe;2018,333333
Malta;EUR;933;550;20;effective;2018,333333
Malta;EUR;500;257;9;important;2018,408333
Malta;EUR;500;119;15;safe;2018,408333
Malta;EUR;500;124;10;effective;2018,408333
Moldova;EUR;948;409;37;important;2018,583333
Moldova;EUR;948;266;35;safe;2018,583333
Moldova;EUR;948;283;33;effective;2018,583333
Montenegro;EUR;939;471;35;important;2018,552778
Montenegro;EUR;939;288;59;safe;2018,552778
Montenegro;EUR;939;319;33;effective;2018,552778
Netherlands;EUR;1043;404;19;important;2015,833333
Netherlands;EUR;1043;212;30;safe;2015,833333
Netherlands;EUR;1043;264;22;effective;2015,833333
Netherlands;EUR;865;645;29;important;2018,302778
Netherlands;EUR;865;331;45;safe;2018,302778
Netherlands;EUR;865;379;36;effective;2018,302778
Netherlands;EUR;1034;652;12;important;2018,416667
Netherlands;EUR;1034;474;18;safe;2018,416667
Netherlands;EUR;1034;511;17;effective;2018,416667
Northern Cyprus;EUR;1000;926;0;important;2018,425
Northern Cyprus;EUR;1000;697;0;safe;2018,425
Northern Cyprus;EUR;1000;734;2;effective;2018,425
Norway;EUR;898;788;6;important;2018,441667
Norway;EUR;898;515;16;safe;2018,441667
Norway;EUR;898;636;8;effective;2018,441667
Poland;EUR;987;407;28;important;2015,833333
Poland;EUR;987;349;32;safe;2015,833333
Poland;EUR;987;368;26;effective;2015,833333
Poland;EUR;1022;435;47;important;2018,397222
Poland;EUR;1022;333;54;safe;2018,397222
Poland;EUR;1022;376;50;effective;2018,397222
Poland;EUR;866;678;19;important;2018,869444
Poland;EUR;866;561;16;safe;2018,869444
Poland;EUR;866;625;11;effective;2018,869444
Poland;EUR;1016;642;13;important;2019,887671
Poland;EUR;1016;536;29;safe;2019,887671
Poland;EUR;1016;551;25;effective;2019,887671
Portugal;EUR;1000;692;6;important;2015,833333
Portugal;EUR;1000;379;7;safe;2015,833333
Portugal;EUR;1000;405;5;effective;2015,833333
Portugal;EUR;978;846;0;important;2018,369444
Portugal;EUR;978;548;15;safe;2018,369444
Portugal;EUR;978;415;8;effective;2018,369444
Portugal;EUR;1000;673;5;important;2018,4
Portugal;EUR;1000;514;6;safe;2018,4
Portugal;EUR;1000;539;7;effective;2018,4
Romania;EUR;1047;583;43;important;2015,833333
Romania;EUR;1047;447;68;safe;2015,833333
Romania;EUR;1047;476;51;effective;2015,833333
Romania;EUR;1223;793;47;important;2018,394444
Romania;EUR;1223;674;70;safe;2018,394444
Romania;EUR;1223;728;55;effective;2018,394444
Romania;EUR;957;752;24;important;2018,555556
Romania;EUR;957;521;60;safe;2018,555556
Romania;EUR;957;581;24;effective;2018,555556
Romania;EUR;501;406;7;important;2019,89589
Romania;EUR;501;307;19;safe;2019,89589
Romania;EUR;501;348;15;effective;2019,89589
Russia;EUR;1000;381;54;important;2015,833333
Russia;EUR;1000;181;84;safe;2015,833333
Russia;EUR;1000;238;43;effective;2015,833333
Russia;EUR;1828;1118;77;important;2018,619444
Russia;EUR;1828;554;107;safe;2018,619444
Russia;EUR;1828;741;83;effective;2018,619444
Russia;EUR;1500;565;85;important;2019,821918
Russia;EUR;1500;437;101;safe;2019,821918
Russia;EUR;1500;499;97;effective;2019,821918
Serbia;EUR;1020;445;22;important;2015,833333
Serbia;EUR;1020;365;43;safe;2015,833333
Serbia;EUR;1020;367;33;effective;2015,833333
Serbia;EUR;964;681;30;important;2018,527778
Serbia;EUR;964;455;38;safe;2018,527778
Serbia;EUR;964;503;26;effective;2018,527778
Serbia;EUR;1010;487;23;important;2019,882192
Serbia;EUR;1010;341;76;safe;2019,882192
Serbia;EUR;1010;401;38;effective;2019,882192
Slovakia;EUR;1047;515;34;important;2018,386111
Slovakia;EUR;1047;265;59;safe;2018,386111
Slovakia;EUR;1047;320;53;effective;2018,386111
Slovakia;EUR;886;647;7;important;2018,719444
Slovakia;EUR;886;500;17;safe;2018,719444
Slovakia;EUR;886;583;2;effective;2018,719444
Slovenia;EUR;1049;316;45;important;2015,833333
Slovenia;EUR;1049;163;80;safe;2015,833333
Slovenia;EUR;1049;193;59;effective;2015,833333
Slovenia;EUR;907;604;14;important;2018,327778
Slovenia;EUR;907;354;34;safe;2018,327778
Slovenia;EUR;907;424;24;effective;2018,327778
Slovenia;EUR;1053;490;43;important;2018,408333
Slovenia;EUR;1053;308;62;safe;2018,408333
Slovenia;EUR;1053;364;43;effective;2018,408333
Spain;EUR;1041;758;14;important;2015,833333
Spain;EUR;1041;561;15;safe;2015,833333
Spain;EUR;1041;610;16;effective;2015,833333
Spain;EUR;1005;823;2;important;2018,394444
Spain;EUR;1005;642;6;safe;2018,394444
Spain;EUR;1005;703;8;effective;2018,394444
Spain;EUR;981;735;22;important;2018,733333
Spain;EUR;981;590;24;safe;2018,733333
Spain;EUR;981;587;31;effective;2018,733333
Spain;EUR;909;648;8;important;2019,917808
Spain;EUR;909;494;5;safe;2019,917808
Spain;EUR;909;470;4;effective;2019,917808
Sweden;EUR;1000;743;7;important;2015,833333
Sweden;EUR;1000;521;15;safe;2015,833333
Sweden;EUR;1000;620;11;effective;2015,833333
Sweden;EUR;982;774;12;important;2018,377778
Sweden;EUR;982;358;29;safe;2018,377778
Sweden;EUR;982;508;11;effective;2018,377778
Sweden;EUR;1031;667;20;important;2018,822222
Sweden;EUR;1031;436;31;safe;2018,822222
Sweden;EUR;1031;511;27;effective;2018,822222
Switzerland;EUR;930;452;35;important;2018,805556
Switzerland;EUR;930;211;36;safe;2018,805556
Switzerland;EUR;930;298;11;effective;2018,805556
Tajikistan;EUR;916;853;2;important;2018,908333
Tajikistan;EUR;916;769;4;safe;2018,908333
Tajikistan;EUR;916;824;6;effective;2018,908333
Turkey;EUR;1027;226;4;important;2015,833333
Turkey;EUR;1027;147;17;safe;2015,833333
Turkey;EUR;1027;170;10;effective;2015,833333
Turkey;EUR;895;718;11;important;2018,622222
Turkey;EUR;895;543;13;safe;2018,622222
Turkey;EUR;895;599;16;effective;2018,622222
Turkmenistan;EUR;892;777;14;important;2018,494444
Turkmenistan;EUR;892;747;17;safe;2018,494444
Turkmenistan;EUR;892;742;9;effective;2018,494444
UK;EUR;1000;573;16;important;2015,833333
UK;EUR;1000;412;28;safe;2015,833333
UK;EUR;1000;460;21;effective;2015,833333
UK;EUR;967;721;8;important;2018,35
UK;EUR;967;444;26;safe;2018,35
UK;EUR;967;586;11;effective;2018,35
UK;EUR;2074;1316;26;important;2018,369444
UK;EUR;2074;974;31;safe;2018,369444
UK;EUR;2074;951;17;effective;2018,369444
UK;EUR;995;635;14;important;2019,873973
UK;EUR;995;514;24;safe;2019,873973
UK;EUR;995;555;18;effective;2019,873973
Ukraine;EUR;492;215;24;important;2015,833333
Ukraine;EUR;492;76;47;safe;2015,833333
Ukraine;EUR;492;120;25;effective;2015,833333
Ukraine;EUR;941;572;14;important;2018,580556
Ukraine;EUR;941;180;51;safe;2018,580556
Ukraine;EUR;941;279;23;effective;2018,580556
Uzbekistan;EUR;898;853;3;important;2018,552778
Uzbekistan;EUR;898;752;10;safe;2018,552778
Uzbekistan;EUR;898;802;3;effective;2018,552778
Bangladesh;SEAR;981;933;1;important;2015,833333
Bangladesh;SEAR;981;845;1;safe;2015,833333
Bangladesh;SEAR;981;771;19;effective;2015,833333
Bangladesh;SEAR;982;938;1;important;2018,472222
Bangladesh;SEAR;982;927;6;safe;2018,472222
Bangladesh;SEAR;982;918;1;effective;2018,472222
India;SEAR;1067;937;53;important;2015,833333
India;SEAR;1067;798;69;safe;2015,833333
India;SEAR;1067;784;61;effective;2015,833333
India;SEAR;2707;2405;16;important;2018,869444
India;SEAR;2707;2339;25;safe;2018,869444
India;SEAR;2707;2321;19;effective;2018,869444
India;SEAR;1003;913;9;important;2019,915068
India;SEAR;1003;827;11;safe;2019,915068
India;SEAR;1003;845;17;effective;2019,915068
Indonesia;SEAR;500;375;3;important;2015,833333
Indonesia;SEAR;500;321;2;safe;2015,833333
Indonesia;SEAR;500;297;2;effective;2015,833333
Indonesia;SEAR;639;470;5;important;2018,536111
Indonesia;SEAR;639;390;5;safe;2018,536111
Indonesia;SEAR;639;313;13;effective;2018,536111
Indonesia;SEAR;1033;617;25;important;2019,893151
Indonesia;SEAR;1033;515;32;safe;2019,893151
Indonesia;SEAR;1033;482;30;effective;2019,893151
Myanmar;SEAR;977;831;5;important;2018,491667
Myanmar;SEAR;977;724;15;safe;2018,491667
Myanmar;SEAR;977;742;12;effective;2018,491667
Nepal;SEAR;832;754;3;important;2018,516667
Nepal;SEAR;832;605;3;safe;2018,516667
Nepal;SEAR;832;532;16;effective;2018,516667
Sri Lanka;SEAR;961;763;2;important;2018,627778
Sri Lanka;SEAR;961;547;9;safe;2018,627778
Sri Lanka;SEAR;961;536;7;effective;2018,627778
Thailand;SEAR;614;410;3;important;2015,833333
Thailand;SEAR;614;274;3;safe;2015,833333
Thailand;SEAR;614;256;7;effective;2015,833333
Thailand;SEAR;789;673;5;important;2018,513889
Thailand;SEAR;789;600;7;safe;2018,513889
Thailand;SEAR;789;596;8;effective;2018,513889
Thailand;SEAR;600;479;0;important;2019,876712
Thailand;SEAR;600;394;0;safe;2019,876712
Thailand;SEAR;600;322;0;effective;2019,876712
Australia;WPR;1190;900;19;important;2015,833333
Australia;WPR;1190;793;21;safe;2015,833333
Australia;WPR;1190;833;21;effective;2015,833333
Australia;WPR;988;824;18;important;2018,708333
Australia;WPR;988;602;33;safe;2018,708333
Australia;WPR;988;707;17;effective;2018,708333
Cambodia;WPR;866;637;0;important;2018,425
Cambodia;WPR;866;496;10;safe;2018,425
Cambodia;WPR;866;492;4;effective;2018,425
China;WPR;1150;494;13;important;2015,833333
China;WPR;1150;349;14;safe;2015,833333
China;WPR;1150;411;17;effective;2015,833333
China;WPR;3233;2093;24;important;2018,575
China;WPR;3233;1508;73;safe;2018,575
China;WPR;3233;1570;31;effective;2018,575
Fiji;WPR;1022;741;34;important;2015,833333
Fiji;WPR;1022;620;50;safe;2015,833333
Fiji;WPR;1022;655;41;effective;2015,833333
Hong Kong;WPR;497;190;12;important;2015,833333
Hong Kong;WPR;497;109;12;safe;2015,833333
Hong Kong;WPR;497;123;10;effective;2015,833333
Hong Kong;WPR;523;190;7;important;2019,964384
Hong Kong;WPR;523;104;14;safe;2019,964384
Hong Kong;WPR;523;115;14;effective;2019,964384
Japan;WPR;1157;484;7;important;2015,833333
Japan;WPR;1157;102;29;safe;2015,833333
Japan;WPR;1157;170;8;effective;2015,833333
Japan;WPR;939;220;11;important;2018,575
Japan;WPR;939;81;12;safe;2018,575
Japan;WPR;939;134;8;effective;2018,575
Japan;WPR;1153;565;20;important;2019,871233
Japan;WPR;1153;179;45;safe;2019,871233
Japan;WPR;1153;271;27;effective;2019,871233
Laos;WPR;519;416;0;important;2018,825
Laos;WPR;519;375;3;safe;2018,825
Laos;WPR;519;367;2;effective;2018,825
Malaysia;WPR;617;483;7;important;2018,616667
Malaysia;WPR;617;444;6;safe;2018,616667
Malaysia;WPR;617;431;8;effective;2018,616667
Malaysia;WPR;808;479;51;important;2019,873973
Malaysia;WPR;808;394;51;safe;2019,873973
Malaysia;WPR;808;351;44;effective;2019,873973
Mongolia;WPR;1000;385;8;important;2015,833333
Mongolia;WPR;1000;79;14;safe;2015,833333
Mongolia;WPR;1000;129;8;effective;2015,833333
Mongolia;WPR;938;687;10;important;2018,45
Mongolia;WPR;938;517;13;safe;2018,45
Mongolia;WPR;938;582;16;effective;2018,45
New Zealand;WPR;966;709;25;important;2018,633333
New Zealand;WPR;966;399;32;safe;2018,633333
New Zealand;WPR;966;524;14;effective;2018,633333
Papua New Guinea;WPR;597;428;22;important;2015,833333
Papua New Guinea;WPR;597;384;26;safe;2015,833333
Papua New Guinea;WPR;597;387;27;effective;2015,833333
Philippines;WPR;1000;927;4;important;2015,833333
Philippines;WPR;1000;820;5;safe;2015,833333
Philippines;WPR;1000;815;6;effective;2015,833333
Philippines;WPR;1500;480;104;important;2018,21
Philippines;WPR;1500;307;146;safe;2018,21
Philippines;WPR;1500;331;136;effective;2018,21
Philippines;WPR;939;660;13;important;2018,83
Philippines;WPR;939;512;18;safe;2018,83
Philippines;WPR;939;539;17;effective;2018,83
Philippines;WPR;1800;703;69;important;2019,21
Philippines;WPR;1800;546;78;safe;2019,21
Philippines;WPR;1800;568;74;effective;2019,21
Philippines;WPR;1800;1087;18;important;2019,71
Philippines;WPR;1800;894;24;safe;2019,71
Philippines;WPR;1800;910;15;effective;2019,71
Philippines;WPR;1000;765;9;important;2019,786301
Philippines;WPR;1000;554;11;safe;2019,786301
Philippines;WPR;1000;582;6;effective;2019,786301
Singapore;WPR;815;473;2;important;2018,602778
Singapore;WPR;815;381;5;safe;2018,602778
Singapore;WPR;815;325;2;effective;2018,602778
South Korea;WPR;1500;939;3;important;2015,833333
South Korea;WPR;1500;711;6;safe;2015,833333
South Korea;WPR;1500;661;8;effective;2015,833333
South Korea;WPR;898;345;12;important;2018,580556
South Korea;WPR;898;143;9;safe;2018,580556
South Korea;WPR;898;211;7;effective;2018,580556
South Korea;WPR;1500;604;8;important;2019,947945
South Korea;WPR;1500;486;15;safe;2019,947945
South Korea;WPR;1500;522;7;effective;2019,947945
Taiwan;WPR;994;532;6;important;2018,469444
Taiwan;WPR;994;217;13;safe;2018,469444
Taiwan;WPR;994;310;5;effective;2018,469444
Vietnam;WPR;569;473;0;important;2015,833333
Vietnam;WPR;569;187;19;safe;2015,833333
Vietnam;WPR;569;261;8;effective;2015,833333
Vietnam;WPR;428;298;1;important;2018,555556
Vietnam;WPR;428;150;5;safe;2018,555556
Vietnam;WPR;428;197;4;effective;2018,555556
Vietnam;WPR;501;257;1;important;2019,90137
Vietnam;WPR;501;189;1;safe;2019,90137
Vietnam;WPR;501;177;3;effective;2019,90137
